n_sequences_tips,alignment_length,crown_age,gamma_shape,prop_invariant,insertion_rate,deletion_rate,mean_insertion_length,mean_deletion_length,normalized_colless_index,gamma,best_BD_speciation_rate,best_BD_extinction_rate,best_BD_speciation_alpha,best_BD_extinction_alpha,best_BLINDLIN,best_BCSTDLIN,indel_rate
45,219,2.883489583246535,1.1602479141467523,0.0384146457262125,0.0634847776891601,0.0505095320257433,7.678955581509792,8.673811616680968,0.1106633168233433,7.099551940116392,76.70830023298423,39.72544194041463,32.55235522240236,14.720161586368016,1,0,0.1139943097149034
84,80,3.4062052584839297,1.581716408022397,0.0201909245487725,0.0568076685236859,0.068478851157043,2.577170841676251,3.1680366983865875,0.1487028201561163,-45.79521804623406,27.304240640300275,16.73934243679186,13.446392566469068,19.750283549348477,1,0,0.1252865196807289
32,289,3.762977092537667,2.365691342418529,0.0005058001464473,0.2664923122576974,0.1022163846939885,4.725387554547601,5.882000370384199,0.0880213582915885,-53.75532909178516,8.349074409165356,43.56300818050907,0.0,7.955396239495219,0,1,0.3687086969516859
49,36,2.7226999310331896,2.1379150370768785,0.0259386663235407,0.1222142082777475,0.1022473663770161,2.6942871542458344,3.364389166228955,0.0864494780600762,47.918305050511634,35.01773728329021,11.61689902665909,21.048193693877515,0.0,1,0,0.2244615746547636
43,303,2.2943597980438306,2.111421664815191,0.0241805811244592,0.0699635131284506,0.0899726495946112,4.471660511630933,5.807723072654635,0.1631417645522135,-19.64215911347955,29.026157193740666,65.26768790054197,14.483686434865891,0.0,1,0,0.1599361627230618
