n_sequences_tips,alignment_length,crown_age,gamma_shape,prop_invariant,insertion_rate,deletion_rate,mean_insertion_length,mean_deletion_length,normalized_colless_index,gamma,best_BD_speciation_rate,best_BD_extinction_rate,best_BD_speciation_alpha,best_BD_extinction_alpha,best_BLINDLIN,best_BCSTDLIN,indel_rate
64,568,4.443046689583032,1.9040990499182613,0.017843949952361,0.2074393906493542,0.2594661658539036,4.173771090066058,5.145508148040158,0.0704639481031238,-2.5382018775747035,22.31206377145241,9.47743451003904,4.973146698908322,31.194912395732445,1,0,0.4669055565032578
