sequence_name,n_sequences_tips,alignment_length,crown_age,gamma_shape,prop_invariant,insertion_rate,deletion_rate,mean_insertion_length,mean_deletion_length,normalized_colless_index,gamma,best_BD_speciation_rate,best_BD_extinction_rate,best_BD_speciation_alpha,best_BD_extinction_alpha,best_BLINDLIN,indel_rate,percent_unique_topologies,likelihood_ess,n_samples,shared_homologies,homologies_reference,homologies_estimated,correctly_aligned_columns,aligned_columns_ref,singleton_insertion_ref,aligned_columns_est,singleton_insertion_est,sp_score,modeler,spfn,spfp,compression_naive,compression,tc,rf_distance,max_rf_distance,n_common_leaves,rfl_distance,wall_clock_s,best_BCSTDLIN,best_BEXPDLIN,best_BLINDEXP,best_BEXPDCST
seq_1_SCOPt4e1,20,29,1.2943260085750978,1.5483518577932796,0.0258308619572078,0.129948703041073,0.3745969974029257,3.2202753917174136,1.8377956183074375,0.2824514904864558,16.44633182536838,69.55411902517797,36.30836236158358,50.85520711722472,39.237215330491104,1,0.5045457004439988,1.057143,127.753444,98000,6455,6911,6586,19,29,"(2, 0)",33,"(10, 0)",0.9340182318043698,0.980109322805952,0.0659817681956301,0.019890677194048,1.3870967741935485,1.3870967741935485,0.6551724137931034,30,46,25,45.78312965991005,10332.667725801468,,,,
seq_1_SCOPt1e1,32,533,2.1216555273842492,1.8572344303576052,0.0027955525823731,0.1807644134358665,0.2512426098671751,3.9365237698557767,5.253345296047195,0.1144958428220981,33.199675617809056,14.240153904803757,35.48615871308156,5.737512355598345,36.54459077848064,1,0.4320070233030416,0.003702,62.166253,27011,18315,24870,23442,282,743,"(160, 0)",805,"(192, 0)",0.7364294330518697,0.7812899923214742,0.2635705669481303,0.2187100076785257,1.0685959271168275,1.1040974529346623,0.3795423956931359,6,20,12,6.907325995207007,14211.25588798523,0.0,0.0,0.0,0.0
