filename,n_sequences,alignment_length,method,rate_AC,rate_AG,rate_AT,rate_CG,rate_CT,rate_GT,freq_A,freq_C,freq_G,freq_T,gamma_shape,prop_invariant,indel_rate,mean_indel_length,total_gaps
birds.fasta,9,14043,Basic,7.033184428844926,4.464582003828973,3.5964688364177833,1.2278238672622848,8.32652627100617,1.0,0.2950191874035685,0.3032954860149543,0.15307196265379594,0.2486133639276813,0.822043747777458,0.47254860072634053,0.0,0,0
tiny.fas,6,631,Basic,1.6071428571428572,1.3214285714285716,1.2857142857142858,0.7857142857142858,0.6785714285714286,1.0,0.4252509244585314,0.15055467511885895,0.20100369783412572,0.2231907025884839,0.1,0.9556259904912837,0.0,0,0
