,n_sequences,alignment_length,rate_AC,rate_AG,rate_AT,rate_CG,rate_CT,rate_GT,freq_A,freq_C,freq_G,freq_T,gamma_shape,prop_invariant,indel_rate,mean_indel_length,total_gaps
count,2.0,2.0,2.0,2.0,2.0,2.0,2.0,2.0,2.0,2.0,2.0,2.0,2.0,2.0,2.0,2.0,2.0
mean,7.5,7337.0,4.320163642993892,2.893005287628772,2.4410915610660346,1.0067690764882853,4.502548849788799,1.0,0.36013505593104994,0.22692508056690663,0.17703783024396083,0.2359020332580826,0.461021873888729,0.7140872956088121,0.0,0.0,0.0
std,2.1213203435596424,9483.716149273976,3.8367907903506455,2.222545106360096,1.6339502124601168,0.31261868314013697,5.407920731294099,0.0,0.09208774439726768,0.10800406314856113,0.03389285498004899,0.01797653622875556,0.5105620303667897,0.3415872981406882,0.0,0.0,0.0
min,6.0,631.0,1.6071428571428572,1.3214285714285716,1.2857142857142858,0.7857142857142858,0.6785714285714286,1.0,0.2950191874035685,0.15055467511885895,0.15307196265379594,0.2231907025884839,0.1,0.47254860072634053,0.0,0.0,0.0
25%,6.75,3984.0,2.9636532500683743,2.107216929528672,1.8634029233901601,0.8962416811012855,2.5905601391801136,1.0,0.32757712166730923,0.1887398778428828,0.16505489644887839,0.22954636792328326,0.2805109369443645,0.5933179481675763,0.0,0.0,0.0
50%,7.5,7337.0,4.320163642993892,2.893005287628772,2.4410915610660346,1.0067690764882853,4.502548849788799,1.0,0.36013505593104994,0.22692508056690663,0.17703783024396083,0.2359020332580826,0.461021873888729,0.7140872956088121,0.0,0.0,0.0
75%,8.25,10690.0,5.676674035919409,3.6787936457288724,3.0187801987419087,1.1172964718752851,6.414537560397484,1.0,0.39269299019479065,0.26511028329093045,0.18902076403904328,0.24225769859288193,0.6415328108330935,0.8348566430500479,0.0,0.0,0.0
max,9.0,14043.0,7.033184428844926,4.464582003828973,3.5964688364177833,1.2278238672622848,8.32652627100617,1.0,0.4252509244585314,0.3032954860149543,0.20100369783412572,0.2486133639276813,0.822043747777458,0.9556259904912837,0.0,0.0,0.0
