n_sequences_tips,alignment_length,crown_age,gamma_shape,prop_invariant,insertion_rate,deletion_rate,mean_insertion_length,mean_deletion_length,normalized_colless_index,gamma,best_BD_speciation_rate,best_BD_extinction_rate,best_BD_speciation_alpha,best_BD_extinction_alpha,best_BLINDCST,best_BCSTDLIN,best_BLINDEXP,indel_rate
21,93,2.1544524483852405,1.587962966372992,0.03161446256369334,0.08034038174288113,0.29984584700164707,3.406647923197475,4.258465731796723,0.6073837541035282,-17.541150055528902,1.3355744960474119,108.88805374162271,1.3811696936741467,2.761831703801294,0,0,1,0.38018622874452823
27,53,2.5680483652408865,4.216057922777022,0.001091525787778824,0.07428945338162907,0.2831668275931081,1.5391566604948805,1.9048224603260393,0.14646329285646303,-2.269770916208631,3.6931755148497785e-16,0.013815204533692586,0.6878330181609503,0.0,1,0,0,0.35745628097473714
55,120,3.9771768801175686,3.026093884546432,0.03156659314449797,0.1048825352303925,0.15114740376959507,1.2694836721054308,1.5879035075250356,0.17440560822487247,-39.2054884351221,8.933975908889991,48.06207210803858,0.0,23.45682991897529,0,1,0,0.25602993899998755
20,269,1.5271520639389116,1.7960620821299076,0.02374524579145184,0.2655067946286178,0.2984525923361999,4.914162881373933,6.260237625911198,0.2913124842105229,-1.0869477334706308,3.769763201303869e-16,0.11451038549726825,0.10861478182783561,0.0,1,0,0,0.5639593869648177
22,90,1.8196932010913314,0.9475158436695702,0.022997099360998165,0.07556672851742527,0.11166116976195746,3.213617402414567,3.9365306177402095,0.36376407254531096,-10.012599312899562,3.2680586972932795e-16,0.023236085968854483,0.0,0.0,1,0,0,0.18722789827938274
