sequence_name,n_sequences_tips,alignment_length,crown_age,gamma_shape,prop_invariant,insertion_rate,deletion_rate,mean_insertion_length,mean_deletion_length,normalized_colless_index,gamma,best_BD_speciation_rate,best_BD_extinction_rate,best_BD_speciation_alpha,best_BD_extinction_alpha,best_BLINDCST,best_BCSTDLIN,best_BLINDEXP,indel_rate
seq_1,28,242,1.5330997821297685,2.836318133468777,0.0030358907288364,0.1949663000035469,0.2536539810740163,2.332018439011285,2.845394997529091,0.21932416628584,-3.641945346383457,3.770220075252971e-16,0.1061063148616474,0.4588085337035675,0.0,1,0,0,0.4486202810775633
seq_2,20,151,2.169530014960924,2.9029987187924644,0.0142696191879015,0.1604091057762433,0.2703414270208382,5.662032102053735,7.104019924062428,0.3608067434457531,-2.1094218512385305,2.6011538836972794e-16,0.2879365470279544,0.142515549456031,0.0,1,0,0,0.4307505327970815
seq_3,21,149,2.654229244012836,1.5616665749066814,0.0105495143394545,0.0945068793108761,0.3317828487240872,3.083816428893716,3.80370109273555,0.2179427439614019,0.3115553106515929,3.4421514545750036e-16,0.1212762347265721,0.4330430325789797,0.0,1,0,0,0.4262897280349633
