,n_sequences,alignment_length,rate_AC,rate_AG,rate_AT,rate_CG,rate_CT,rate_GT,freq_A,freq_C,freq_G,freq_T,gamma_shape,prop_invariant,indel_rate,mean_indel_length,total_gaps
count,2.0,2.0,2.0,2.0,2.0,2.0,2.0,2.0,2.0,2.0,2.0,2.0,2.0,2.0,2.0,2.0,2.0
mean,186.5,1713.0,1.3184,5.57385,0.7152000000000001,1.0925,4.7057,1.0,0.30665,0.22344999999999998,0.20455,0.26535,1.5392000000000001,0.0,3.378784006866338,5.79683599440026,16087.5
std,3.5355339059327378,551.5432893255071,0.4607507786211544,1.2110617841381999,0.008909545442950537,0.054447222151364126,1.0578317446550753,0.0,0.03768879143724295,0.0072831998462214425,0.022980970388562793,0.007424621202458756,0.1879489824393842,0.0,0.9640476419798671,1.5544247187589466,4906.613954653453
min,184.0,1323.0,0.9926,4.7175,0.7089,1.054,3.9577,1.0,0.28,0.2183,0.1883,0.2601,1.4063,0.0,2.697099381835473,4.697691734921817,12618.0
25%,185.25,1518.0,1.1555,5.145675000000001,0.71205,1.07325,4.3317,1.0,0.293325,0.220875,0.196425,0.262725,1.47275,0.0,3.0379416943509057,5.247263864661038,14352.75
50%,186.5,1713.0,1.3184,5.57385,0.7152000000000001,1.0925,4.7057,1.0,0.30665,0.22344999999999998,0.20455,0.26535,1.5392000000000001,0.0,3.378784006866338,5.79683599440026,16087.5
75%,187.75,1908.0,1.4813,6.002025,0.71835,1.11175,5.079700000000001,1.0,0.319975,0.226025,0.212675,0.267975,1.60565,0.0,3.7196263193817707,6.346408124139481,17822.25
max,189.0,2103.0,1.6442,6.4302,0.7215,1.131,5.4537,1.0,0.3333,0.2286,0.2208,0.2706,1.6721,0.0,4.060468631897203,6.895980253878703,19557.0
