n_sequences_tips,alignment_length,crown_age,gamma_shape,prop_invariant,insertion_rate,deletion_rate,mean_insertion_length,mean_deletion_length,normalized_colless_index,gamma,best_BD_speciation_rate,best_BD_extinction_rate,best_BD_speciation_alpha,best_BD_extinction_alpha,best_BLINDCST,best_BLINDLIN,indel_rate
29,37,1.8666590829159464,0.6269706203118057,0.009888572469408803,0.08129577836028531,0.31577899787973784,1.4055936094871044,1.9890908462388937,0.18941861141234057,-34.83436121907885,4.405470483811339,10.699601645247892,3.9791824548361068,0.0,0,1,0.3970747762400232
47,55,2.4602251781865623,1.8555802955337215,0.023086115352914775,0.11647664584106687,0.0552807573350895,4.9485845962309964,3.1895526537533394,0.20968488116583045,-5.321831818459916,52.121109504145124,75.02450568936001,42.31848710039956,35.81041309286733,0,1,0.17175740317615637
26,81,2.730346516841194,2.162415824317687,0.024594393650722888,0.3162267864940473,0.22479257290793928,3.1523689623732776,3.9714096189148465,0.24805915243340254,-4.404891791602495,2.78633236007736e-16,0.0005923904559047987,0.47104836702851327,0.0,1,0,0.5410193594019865
34,116,2.0983482067520156,3.113728405228742,0.0018043328600528194,0.27554453578662064,0.2339394884430583,3.6855214223475947,4.696691274724184,0.16723698587882102,-14.572359453294894,2.4754987747773778e-16,0.012705064365270342,1.1121733847422086,0.0,1,0,0.509484024229679
31,115,2.7570692234587906,2.6673478399758697,0.005793671346399791,0.3341376535457589,0.4213562101955624,2.658509969964263,3.3695380029326985,0.1984796634946508,-4.18471450659581,2.595579259273228e-16,0.049623363247381994,0.22195399803599233,0.0,1,0,0.7554938637413213
