filename,n_sequences,alignment_length,best_model,log_likelihood,aic_score,bic_score,method,freq_A,freq_R,freq_N,freq_D,freq_C,freq_Q,freq_E,freq_G,freq_H,freq_I,freq_L,freq_K,freq_M,freq_F,freq_P,freq_S,freq_T,freq_W,freq_Y,freq_V,gamma_shape,prop_invariant,insertion_rate,deletion_rate,insertion_events,deletion_events,mean_insertion_length,mean_deletion_length,total_gaps,indel_to_substitution_ratio
TF312796.fa,635,2692,LG+G4,-64057.5778,130651.1556,138129.8699,ModelTest-NG,0.0791,0.0559,0.042,0.0531,0.0129,0.0408,0.0716,0.0573,0.0224,0.0622,0.0991,0.0646,0.023,0.0423,0.044,0.0612,0.0533,0.0121,0.0342,0.0691,0.8926,0.0,0.09245124077172374,0.8320611669455137,47,46,43.78390358775454,54.72987948469317,1580380,6.121545054275396e-06
TF106101.fa,192,1553,LG+G4+F,-67086.0973,134974.1946,137118.7201,ModelTest-NG,0.0517,0.0555,0.0459,0.0469,0.0246,0.0603,0.0607,0.0573,0.0302,0.0436,0.0775,0.0456,0.0309,0.0322,0.0834,0.1012,0.0648,0.0078,0.0292,0.0506,1.2883,0.0,0.06690008585533376,0.6021007726980039,110,111,7.683389504092441,9.60423688011555,199480,6.452125230787556e-05
TF105060.fa,42,2094,LG+I+G4,-69843.849,139853.698,140322.385,ModelTest-NG,0.0791,0.0559,0.042,0.0531,0.0129,0.0408,0.0716,0.0573,0.0224,0.0622,0.0991,0.0646,0.023,0.0423,0.044,0.0612,0.0533,0.0121,0.0342,0.0691,1.8551,0.0423,0.015020239232273616,0.13518215309046255,95,112,2.590831086050503,3.238538857563128,13210,0.0004166431843615899
