filename,n_sequences,alignment_length,best_model,log_likelihood,aic_score,bic_score,method,freq_A,freq_R,freq_N,freq_D,freq_C,freq_Q,freq_E,freq_G,freq_H,freq_I,freq_L,freq_K,freq_M,freq_F,freq_P,freq_S,freq_T,freq_W,freq_Y,freq_V,gamma_shape,prop_invariant,indel_rate,mean_indel_length,total_gaps
TF312796.fa,635,2692,Basic_Estimation,0.0,0.0,0.0,Basic,0.06628590257564941,0.06344586272094647,0.0300400900653523,0.0721071997363941,0.019221264210006042,0.052156312027804144,0.07583377136894628,0.06468543812714278,0.016914712504805317,0.05216415744176742,0.07322909393314138,0.07731655460800389,0.026148764739571482,0.04200434635933565,0.03136596502514455,0.059240720836634946,0.05589857448828287,0.00468371213607086,0.03438644940100265,0.08287110769399747,4.382496349581901,0.017830609212481426,21.453194650817235,54.72987948469317,1580380
TF106101.fa,192,1553,Basic_Estimation,0.0,0.0,0.0,Basic,0.051711073975275836,0.05552038030785838,0.04594002677931972,0.04694684616422574,0.024578848489251945,0.06029498770019617,0.06074130969556688,0.057253770382902754,0.030225340709755768,0.04363575973345235,0.07746281515003685,0.04561825975940131,0.030889633912167983,0.032249359060855486,0.08337917648402063,0.10121129713627353,0.06478934639776632,0.007763926803192759,0.02917700299969899,0.05061083835878061,4.005481308866206,0.022537025112685124,26.748229233741146,9.60423688011555,199480
TF105060.fa,42,2094,Basic_Estimation,0.0,0.0,0.0,Basic,0.05063621722792101,0.04554357761560002,0.0560335446802954,0.05028800255357428,0.02434600931474254,0.05732484076433121,0.0979789039943125,0.04756032093785819,0.025767885901658374,0.04110384051767915,0.08090187600655804,0.07247217909841418,0.015669660345603065,0.026246681078885132,0.052014566980543506,0.12077245621925917,0.05915296780465157,0.005527907955254414,0.0141462211453361,0.05651233985752216,3.120798209605725,0.07688634192932187,3.895893027698185,3.238538857563128,13210
