Models	Entropy	p(MAPTree)	Clades	Partitions	LeafNodes
CCD0	1.0063883444711486	0.5786267737905731	12	10	5
CCD1	0.715898194786748	0.6632837480884197	12	9	5
